place_id,class_name,UTMx,UTMy,filename
8642,londonn,695550.65,5712309.65,@0695550.65@5712309.65@30@U@051.52798@-000.18080@KsotBEhHwte4krX7nTF7OQ@@324@@@@200909@8642_London@.jpg
8642,londonn,695550.93,5712309.81,@0695550.93@5712309.81@30@U@051.52798@-000.18079@nl_7ARdHW1ykQkAbR2UuRA@@324@@@@201706@8642_London@.jpg
8642,londonn,695551.84,5712308.16,@0695551.84@5712308.16@30@U@051.52797@-000.18078@FH_Dsg-zXnzozuz5TOj38w@@306@@@@201610@8642_London@.jpg
8642,londonn,695551.95,5712307.73,@0695551.95@5712307.73@30@U@051.52796@-000.18078@RRogGXS9ZbrI9V41AnwZmw@@329@@@@201609@8642_London@.jpg
8642,londonn,695552.53,5712307.88,@0695552.53@5712307.88@30@U@051.52797@-000.18077@KXrrYB8aT5BpB9cD6YrqKw@@320@@@@201506@8642_London@.jpg
8642,londonn,695553.02,5712306.66,@0695553.02@5712306.66@30@U@051.52795@-000.18076@m2RBiK6gDnQFlYth4K3YvA@@316@@@@201606@8642_London@.jpg
8642,londonn,695553.23,5712307.26,@0695553.23@5712307.26@30@U@051.52796@-000.18076@9olFX2fYwK4m6OLvl6pqnQ@@324@@@@201510@8642_London@.jpg
8642,londonn,695553.53,5712305.94,@0695553.53@5712305.94@30@U@051.52795@-000.18076@aXirjOlIa50kEdUg--JGEQ@@305@@@@201907@8642_London@.jpg
8642,londonn,695553.8,5712305.56,@0695553.80@5712305.56@30@U@051.52794@-000.18075@Rr6rdGWqAzDJYM_ZzWlW4g@@318@@@@201509@8642_London@.jpg
8642,londonn,695554.86,5712310.2,@0695554.86@5712310.20@30@U@051.52799@-000.18074@cFg2xhunkB7cRpkh4kqtZQ@@306@@@@201801@8642_London@.jpg
8642,londonn,695555.05,5712305.19,@0695555.05@5712305.19@30@U@051.52794@-000.18074@fRtSyvgZW2obG0b4v_FWIg@@316@@@@201407@8642_London@.jpg
8642,londonn,695555.32,5712304.12,@0695555.32@5712304.12@30@U@051.52793@-000.18073@QruDxfgXIaAaASFuqliofA@@305@@@@201904@8642_London@.jpg
8642,londonn,695555.32,5712304.53,@0695555.32@5712304.53@30@U@051.52793@-000.18073@5xoFieDbzCHAq6uH0es13A@@330@@@@201406@8642_London@.jpg
8642,londonn,695556.04,5712303.47,@0695556.04@5712303.47@30@U@051.52792@-000.18072@QUN4KPJ3KaLj6bWdTYUWMQ@@305@@@@201505@8642_London@.jpg
8352,londonn,695561.33,5712168.72,@0695561.33@5712168.72@30@U@051.52671@-000.18072@Lz92vgvJQVcr1-a1sHPEUg@@062@@@@201506@8352_London@.jpg
8352,londonn,695561.78,5712169.4,@0695561.78@5712169.40@30@U@051.52672@-000.18071@tc7k8uxnKyMmabzaYzdDBg@@055@@@@201407@8352_London@.jpg
8352,londonn,695562.15,5712168.79,@0695562.15@5712168.79@30@U@051.52671@-000.18071@-HmjsSq9zHhblDgBF6Wg5Q@@060@@@@201606@8352_London@.jpg
7343,londonn,695562.19,5711665.67,@0695562.19@5711665.67@30@U@051.52219@-000.18099@cjLEH4PMtmdMXzTIaCqpRQ@@218@@@@201209@7343_London@.jpg
7343,londonn,695562.45,5711666.35,@0695562.45@5711666.35@30@U@051.52220@-000.18098@JZuMgVAQ6eXRUwpJ7ifL2Q@@042@@@@201801@7343_London@.jpg
8352,londonn,695562.54,5712169.19,@0695562.54@5712169.19@30@U@051.52672@-000.18070@EdxzEXAj5KnAcdxR-0JQOg@@237@@@@201801@8352_London@.jpg
8352,londonn,695562.6,5712168.42,@0695562.60@5712168.42@30@U@051.52671@-000.18070@FxK3M32pJ-4aVrnejN926g@@233@@@@200807@8352_London@.jpg
8352,londonn,695562.63,5712168.71,@0695562.63@5712168.71@30@U@051.52671@-000.18070@XsBlzIScllbae96hzjk5MQ@@064@@@@201511@8352_London@.jpg
7343,londonn,695562.77,5711667.83,@0695562.77@5711667.83@30@U@051.52221@-000.18098@D2R1dL_B7mqch7UxpkY6pg@@229@@@@200807@7343_London@.jpg
7343,londonn,695563.34,5711666.86,@0695563.34@5711666.86@30@U@051.52221@-000.18097@bKStGQMr8rF_cEMcclaPcA@@050@@@@201407@7343_London@.jpg
7343,londonn,695563.38,5711668.99,@0695563.38@5711668.99@30@U@051.52222@-000.18097@BIBf7-Ajn-1_1c9fto1OlA@@221@@@@200909@7343_London@.jpg
8352,londonn,695563.63,5712168.49,@0695563.63@5712168.49@30@U@051.52671@-000.18069@4m8saJ2FFTsIApqzlhkFQA@@061@@@@201204@8352_London@.jpg
7343,londonn,695563.88,5711667.5,@0695563.88@5711667.50@30@U@051.52221@-000.18096@UtdMCTrZqouSAFhRUKW74w@@049@@@@201907@7343_London@.jpg
8352,londonn,695564.35,5712166.6,@0695564.35@5712166.60@30@U@051.52669@-000.18068@CoGTPbYcYRUZdDgNGJomlg@@244@@@@201907@8352_London@.jpg
8352,londonn,695564.43,5712167.3,@0695564.43@5712167.30@30@U@051.52670@-000.18068@WqrvFoQ3Uz0AujPYbDfPIw@@236@@@@201904@8352_London@.jpg
7343,londonn,695564.52,5711670.01,@0695564.52@5711670.01@30@U@051.52223@-000.18095@jPG4q_I6xjyXGVrZqHyJww@@219@@@@201204@7343_London@.jpg
8352,londonn,695565.33,5712166.44,@0695565.33@5712166.44@30@U@051.52669@-000.18066@Iq1orhclbpTdzWsA4qZCWg@@237@@@@201706@8352_London@.jpg
8643,londonn,695565.53,5712287.27,@0695565.53@5712287.27@30@U@051.52778@-000.18059@Tk8btUanIVnVgjIbYPBvsg@@252@@@@201204@8643_London@.jpg
7343,londonn,695565.92,5711671.34,@0695565.92@5711671.34@30@U@051.52224@-000.18093@STjVjI6QaUvqfid6lfe6rQ@@218@@@@201706@7343_London@.jpg
7343,londonn,695566.18,5711671.79,@0695566.18@5711671.79@30@U@051.52225@-000.18093@LcICrdc-Nghnyf4Cjsjj_w@@228@@@@201506@7343_London@.jpg
8643,londonn,695566.71,5712290.43,@0695566.71@5712290.43@30@U@051.52780@-000.18058@GeoochPFiJ6HWsiPf_T5WA@@070@@@@201609@8643_London@.jpg
8643,londonn,695567.14,5712290.26,@0695567.14@5712290.26@30@U@051.52780@-000.18057@B9I0SPuZJZ-zwnvaXNrUPw@@078@@@@201707@8643_London@.jpg
8643,londonn,695567.17,5712290.69,@0695567.17@5712290.69@30@U@051.52781@-000.18057@CHVXyyBJqEjE1_sSi4qXog@@077@@@@201706@8643_London@.jpg
8643,londonn,695567.93,5712288.75,@0695567.93@5712288.75@30@U@051.52779@-000.18056@L1x3MtMMdk4rsJMn_w6fPA@@066@@@@201610@8643_London@.jpg
8643,londonn,695568.08,5712289.19,@0695568.08@5712289.19@30@U@051.52779@-000.18056@s8N4SLYfpiNBdqIy5wP9_g@@082@@@@201509@8643_London@.jpg
8643,londonn,695568.33,5712288.99,@0695568.33@5712288.99@30@U@051.52779@-000.18055@4qtbpvBVkzKNezU8FsGa-Q@@072@@@@201510@8643_London@.jpg
8643,londonn,695569.25,5712288.13,@0695569.25@5712288.13@30@U@051.52778@-000.18054@Nhcc7mqfhCAvnUr3cCT5iQ@@067@@@@201407@8643_London@.jpg
8643,londonn,695569.52,5712287.45,@0695569.52@5712287.45@30@U@051.52778@-000.18054@NlEiJnNw9jAF40XYLDxHww@@066@@@@201406@8643_London@.jpg
8643,londonn,695570.15,5712287.09,@0695570.15@5712287.09@30@U@051.52777@-000.18053@bJwcKjXOgnK4bO8AqGk7WQ@@079@@@@201907@8643_London@.jpg
8643,londonn,695571.34,5712284.91,@0695571.34@5712284.91@30@U@051.52775@-000.18051@-9wx2lqGi0Oq0_OupqEGLQ@@078@@@@201904@8643_London@.jpg
8643,londonn,695573.04,5712283.17,@0695573.04@5712283.17@30@U@051.52774@-000.18049@Xp4xnek4lFptUz6j6-gVVg@@082@@@@200909@8643_London@.jpg
9217,londonn,695579.56,5712657.62,@0695579.56@5712657.62@30@U@051.53110@-000.18019@hUn8T7tNG9nhiz9gRr9SOw@@067@@@@200806@9217_London@.jpg
9217,londonn,695579.78,5712656.6,@0695579.78@5712656.60@30@U@051.53109@-000.18018@JHRXFQKIz42er-GDUu_2AA@@262@@@@201904@9217_London@.jpg
9217,londonn,695579.92,5712658.63,@0695579.92@5712658.63@30@U@051.53111@-000.18018@V8a1XNbboHBX4vfIjLHAlA@@076@@@@201506@9217_London@.jpg
9217,londonn,695580.45,5712656.19,@0695580.45@5712656.19@30@U@051.53108@-000.18017@QsB5Bvz8pOZLv0V-vSynig@@086@@@@201907@9217_London@.jpg
9217,londonn,695581.09,5712655.06,@0695581.09@5712655.06@30@U@051.53107@-000.18017@WNFun35b68wM1RFZT8KeBA@@070@@@@201209@9217_London@.jpg
9217,londonn,695581.36,5712655.07,@0695581.36@5712655.07@30@U@051.53107@-000.18016@HfJpHH1_fZV9iCnlDWopTA@@066@@@@201407@9217_London@.jpg
9217,londonn,695581.73,5712653.44,@0695581.73@5712653.44@30@U@051.53106@-000.18016@biZs9mzeYgvyYraT2oJXpA@@257@@@@201801@9217_London@.jpg
9217,londonn,695582.33,5712653.01,@0695582.33@5712653.01@30@U@051.53105@-000.18015@cLqSI1J0dh5f78F8OEK9IA@@065@@@@200910@9217_London@.jpg
8498,londonn,695584.62,5712268.69,@0695584.62@5712268.69@30@U@051.52760@-000.18033@UNr6m36cIKbUag3MaBG7nQ@@153@@@@201610@8498_London@.jpg
8498,londonn,695585.7,5712268.02,@0695585.70@5712268.02@30@U@051.52760@-000.18031@VRBh_NN401toHs93XvZepg@@157@@@@200909@8498_London@.jpg
8498,londonn,695586.46,5712267.44,@0695586.46@5712267.44@30@U@051.52759@-000.18030@T18BT0aBsvuUOl3r-mJkZw@@146@@@@201407@8498_London@.jpg
8498,londonn,695586.56,5712266.8,@0695586.56@5712266.80@30@U@051.52759@-000.18030@D0rA4GG2hjtN9BgnzDj_Zw@@156@@@@201510@8498_London@.jpg
8498,londonn,695586.56,5712266.8,@0695586.56@5712266.80@30@U@051.52759@-000.18030@m-3bwabWtYoHCLEUiPGuQQ@@154@@@@201406@8498_London@.jpg
8498,londonn,695587.32,5712265.67,@0695587.32@5712265.67@30@U@051.52757@-000.18029@uRMVzgNV4NN4vlP3u7WFDw@@155@@@@201904@8498_London@.jpg
8498,londonn,695587.32,5712265.78,@0695587.32@5712265.78@30@U@051.52758@-000.18029@iBC837U85nblSty4AoGMoA@@137@@@@201606@8498_London@.jpg
8498,londonn,695587.49,5712269.35,@0695587.49@5712269.35@30@U@051.52761@-000.18029@7-QXgc4a9vzB3seB7NInHQ@@142@@@@201907@8498_London@.jpg
8498,londonn,695587.54,5712266.44,@0695587.54@5712266.44@30@U@051.52758@-000.18029@JKsROo7n8lCKizHm7Zun0Q@@150@@@@201801@8498_London@.jpg
8498,londonn,695587.62,5712265.96,@0695587.62@5712265.96@30@U@051.52758@-000.18029@gIwsuopiGjiChW0YDH4Xsw@@142@@@@201509@8498_London@.jpg
8061,londonn,695592.16,5712018.83,@0695592.16@5712018.83@30@U@051.52536@-000.18036@5DiJsAcFnh639FshsgfNJw@@025@@@@201706@8061_London@.jpg
8781,londonn,695592.57,5712422.51,@0695592.57@5712422.51@30@U@051.52898@-000.18013@ttKs8yhJm6VQUlB-Wqa6Ng@@336@@@@201904@8781_London@.jpg
8781,londonn,695592.64,5712422.79,@0695592.64@5712422.79@30@U@051.52898@-000.18013@TZTjTHSlzK7CHXNwK8TsZQ@@336@@@@201606@8781_London@.jpg
8061,londonn,695593.18,5712018.18,@0695593.18@5712018.18@30@U@051.52535@-000.18035@N3xbx5L6xqN_ZsuArFtOxg@@038@@@@201907@8061_London@.jpg
8061,londonn,695593.66,5712017.73,@0695593.66@5712017.73@30@U@051.52535@-000.18034@qbI0umNsfkaz8Pg4Vh0LCw@@031@@@@201506@8061_London@.jpg
8061,londonn,695594.45,5712016.82,@0695594.45@5712016.82@30@U@051.52534@-000.18033@FsgBVK1OGKTo-so-XLuV8A@@032@@@@200807@8061_London@.jpg
8781,londonn,695594.68,5712423.29,@0695594.68@5712423.29@30@U@051.52899@-000.18010@Xf0pZnat-sS1_vS_JLgX4g@@337@@@@200807@8781_London@.jpg
8061,londonn,695595.07,5712016.95,@0695595.07@5712016.95@30@U@051.52534@-000.18032@EuwoX6cke1eM8_V6N5N5KQ@@029@@@@201904@8061_London@.jpg
8781,londonn,695596.17,5712426.98,@0695596.17@5712426.98@30@U@051.52902@-000.18008@8ZngQFl1nlFmxn30KCXxdw@@326@@@@200910@8781_London@.jpg
8781,londonn,695596.28,5712425.53,@0695596.28@5712425.53@30@U@051.52901@-000.18007@wnhpoQ2Qu-hpmI9GnAfZ1A@@333@@@@201907@8781_London@.jpg
8061,londonn,695596.52,5712021.8,@0695596.52@5712021.80@30@U@051.52538@-000.18030@TAmMwmHwpSB3qdP83rYBFA@@208@@@@201510@8061_London@.jpg
8061,londonn,695596.84,5712021.14,@0695596.84@5712021.14@30@U@051.52538@-000.18029@se8DPa5mBpslnNKh7bDBHg@@218@@@@201204@8061_London@.jpg
8781,londonn,695596.85,5712428.88,@0695596.85@5712428.88@30@U@051.52904@-000.18006@m5_A16Q9lRHbvv6WAQA1CQ@@332@@@@201204@8781_London@.jpg
8061,londonn,695597.32,5712020.69,@0695597.32@5712020.69@30@U@051.52537@-000.18028@_DvWvNITcDJC5YxWQ_skGw@@216@@@@201606@8061_London@.jpg
8781,londonn,695598.57,5712428.05,@0695598.57@5712428.05@30@U@051.52903@-000.18004@pY_ut_KkM08n4-LfRV1Glg@@323@@@@201510@8781_London@.jpg
8781,londonn,695598.66,5712421.76,@0695598.66@5712421.76@30@U@051.52897@-000.18004@5EV61SL4qDwUkhnl0AXknw@@144@@@@201407@8781_London@.jpg
7486,londonn,695598.87,5711702.71,@0695598.87@5711702.71@30@U@051.52251@-000.18044@wjDjkgcY4heZFuUu0lvHdA@@226@@@@201801@7486_London@.jpg
9218,londonn,695599.47,5712649.11,@0695599.47@5712649.11@30@U@051.53101@-000.17990@Uxwq787HG4c7X9WmGkobbA@@065@@@@201407@9218_London@.jpg
7486,londonn,695599.5,5711703.21,@0695599.50@5711703.21@30@U@051.52252@-000.18043@DwYOuPP-gc3Yvpys2JIzpA@@062@@@@201907@7486_London@.jpg
9218,londonn,695599.59,5712648.68,@0695599.59@5712648.68@30@U@051.53101@-000.17990@vrm4eiVa0kLRXeZIHCa2HQ@@249@@@@200806@9218_London@.jpg
9218,londonn,695599.74,5712649.2,@0695599.74@5712649.20@30@U@051.53101@-000.17990@zOWwXt0nXNmcXW05TbGJxw@@070@@@@200910@9218_London@.jpg
9218,londonn,695599.84,5712649.49,@0695599.84@5712649.49@30@U@051.53102@-000.17990@j1WYJ9ZI_Zhg06-57P8EXA@@252@@@@201204@9218_London@.jpg
7486,londonn,695600.03,5711703.85,@0695600.03@5711703.85@30@U@051.52252@-000.18042@duc4DDCFrGqExpq9tnpdHw@@237@@@@200807@7486_London@.jpg
7486,londonn,695600.34,5711704.54,@0695600.34@5711704.54@30@U@051.52253@-000.18042@9oBfUEPbNlI1QA3BtWE3rw@@218@@@@201204@7486_London@.jpg
6483,londonn,695600.52,5711179.17,@0695600.52@5711179.17@30@U@051.51781@-000.18071@e2BcKGkS28XwYwCyMdMipA@@255@@@@201801@6483_London@.jpg
7486,londonn,695600.55,5711704.38,@0695600.55@5711704.38@30@U@051.52253@-000.18041@MoqxW9iJ1hMPySNZvYXwfQ@@227@@@@200909@7486_London@.jpg
9218,londonn,695600.84,5712649.38,@0695600.84@5712649.38@30@U@051.53102@-000.17988@bMMc5a6a5YbJrUpKT97yCQ@@258@@@@201904@9218_London@.jpg
7486,londonn,695600.98,5711704.41,@0695600.98@5711704.41@30@U@051.52253@-000.18041@T8rxE9HFeMqB6WuZ90eLqg@@239@@@@201407@7486_London@.jpg
6483,londonn,695601.0,5711179.65,@0695601.00@5711179.65@30@U@051.51782@-000.18070@AmPzFN9sHUbSTbohh4nBIA@@239@@@@201510@6483_London@.jpg
8781,londonn,695601.14,5712424.82,@0695601.14@5712424.82@30@U@051.52900@-000.18001@pGEv3aLXogZhLCUjRshYVA@@152@@@@201706@8781_London@.jpg
9218,londonn,695601.27,5712650.54,@0695601.27@5712650.54@30@U@051.53103@-000.17988@c6-g7LQvLC9RoQUKu9_vww@@078@@@@201801@9218_London@.jpg
6483,londonn,695601.3,5711177.65,@0695601.30@5711177.65@30@U@051.51780@-000.18070@PFuWhFgu_SYcaPUPw7urPw@@258@@@@201410@6483_London@.jpg
7486,londonn,695601.46,5711704.73,@0695601.46@5711704.73@30@U@051.52253@-000.18040@nEKDq-ukTnwDx7LXPqJmIA@@229@@@@201506@7486_London@.jpg
7486,londonn,695601.72,5711704.55,@0695601.72@5711704.55@30@U@051.52253@-000.18040@X87BpiC430TaeDrle6VxkA@@220@@@@201209@7486_London@.jpg
9218,londonn,695601.75,5712650.24,@0695601.75@5712650.24@30@U@051.53102@-000.17987@ukBUsKBjyFdxsq8xGb0F0w@@246@@@@201506@9218_London@.jpg
7486,londonn,695601.79,5711706.26,@0695601.79@5711706.26@30@U@051.52255@-000.18039@WyUQ2AEwjNohTIzk3Swj6g@@227@@@@201706@7486_London@.jpg
6483,londonn,695602.41,5711180.51,@0695602.41@5711180.51@30@U@051.51782@-000.18068@h2QhKRW0JJuU2b3AddIRDA@@263@@@@201704@6483_London@.jpg
6483,londonn,695602.68,5711180.09,@0695602.68@5711180.09@30@U@051.51782@-000.18067@8YibQzZazH2cKlxU97PMOg@@254@@@@201407@6483_London@.jpg
6483,londonn,695602.69,5711177.56,@0695602.69@5711177.56@30@U@051.51780@-000.18068@ZjbOzoDuYp2XIftNaua30g@@244@@@@200806@6483_London@.jpg
9218,londonn,695602.94,5712651.52,@0695602.94@5712651.52@30@U@051.53103@-000.17985@rWHspYLTCdKUuYqH0rN4Ig@@071@@@@201209@9218_London@.jpg
6483,londonn,695603.12,5711180.47,@0695603.12@5711180.47@30@U@051.51782@-000.18067@avnExQuh6gRtrubd1Du7cQ@@257@@@@201207@6483_London@.jpg
6483,londonn,695603.39,5711180.65,@0695603.39@5711180.65@30@U@051.51782@-000.18066@GwpCcMEuql2hTXlOl-2Jdg@@256@@@@201606@6483_London@.jpg
8495,londonn,695603.39,5712246.23,@0695603.39@5712246.23@30@U@051.52739@-000.18007@CK-T-HtcdfUXRO-PF4ZIhQ@@054@@@@200909@8495_London@.jpg
6483,londonn,695603.5,5711181.14,@0695603.50@5711181.14@30@U@051.51783@-000.18066@wIDFSpP2euLeG4L2TaiFGA@@247@@@@201204@6483_London@.jpg
6483,londonn,695603.91,5711181.88,@0695603.91@5711181.88@30@U@051.51784@-000.18066@kFPEEn8c6twzzzY7qIqYJQ@@249@@@@202010@6483_London@.jpg
6050,londonn,695604.04,5710911.68,@0695604.04@5710911.68@30@U@051.51541@-000.18080@SYmcSWOPXm2skaVQr61RIA@@301@@@@201408@6050_London@.jpg
6483,londonn,695604.21,5711181.36,@0695604.21@5711181.36@30@U@051.51783@-000.18065@7vlWd-LssmYUKjxq3XZRtg@@244@@@@201406@6483_London@.jpg
8495,londonn,695604.5,5712244.83,@0695604.50@5712244.83@30@U@051.52738@-000.18006@FqTjmvlOWIDNyOWfX2qmdA@@064@@@@201610@8495_London@.jpg
6050,londonn,695604.83,5710916.66,@0695604.83@5710916.66@30@U@051.51545@-000.18079@pKiExHSJq4kxYs4EcCehew@@126@@@@201606@6050_London@.jpg
6050,londonn,695605.17,5710910.85,@0695605.17@5710910.85@30@U@051.51540@-000.18079@erM1y3jtJK4Kzt9W6qFpGg@@304@@@@200806@6050_London@.jpg
8495,londonn,695605.33,5712244.05,@0695605.33@5712244.05@30@U@051.52737@-000.18005@_YmmgYSwqzhs52GTRLe8xA@@062@@@@201407@8495_London@.jpg
8495,londonn,695605.37,5712244.21,@0695605.37@5712244.21@30@U@051.52738@-000.18004@f24NKE_myksSC6Y8S9gQWA@@046@@@@201706@8495_London@.jpg
8495,londonn,695605.67,5712243.22,@0695605.67@5712243.22@30@U@051.52737@-000.18004@C1K2qPcOxhSSJYTmSO6n4g@@062@@@@201510@8495_London@.jpg
8495,londonn,695605.69,5712243.55,@0695605.69@5712243.55@30@U@051.52737@-000.18004@Lyfgbqietl899IaLaMyv1g@@062@@@@201406@8495_London@.jpg
8207,londonn,695605.78,5712115.96,@0695605.78@5712115.96@30@U@051.52622@-000.18011@EgVF83149sG6vBYO9SalOQ@@271@@@@201506@8207_London@.jpg
8495,londonn,695605.88,5712243.14,@0695605.88@5712243.14@30@U@051.52737@-000.18004@d6owHtr9Jq8deOumL51eEQ@@053@@@@201609@8495_London@.jpg
8495,londonn,695605.92,5712242.96,@0695605.92@5712242.96@30@U@051.52736@-000.18004@2GUGAySr-hOQZN6vOo-hVw@@046@@@@201606@8495_London@.jpg
8495,londonn,695606.04,5712243.08,@0695606.04@5712243.08@30@U@051.52737@-000.18004@sH8jztjc-fvULIgFLC1hXQ@@046@@@@201506@8495_London@.jpg
8495,londonn,695606.07,5712243.44,@0695606.07@5712243.44@30@U@051.52737@-000.18004@r38iCu0HPkGX5RGH7oM8wA@@066@@@@201509@8495_London@.jpg
6050,londonn,695606.19,5710909.38,@0695606.19@5710909.38@30@U@051.51539@-000.18077@-E6gGs22QTMAYwThCy561w@@302@@@@200908@6050_London@.jpg
8495,londonn,695606.21,5712243.47,@0695606.21@5712243.47@30@U@051.52737@-000.18003@z7XlsB052toCvPU-7_31uQ@@064@@@@201801@8495_London@.jpg
8495,londonn,695606.3,5712242.74,@0695606.30@5712242.74@30@U@051.52736@-000.18003@ADMMWhDeX_YsXIzopPMJHw@@069@@@@201505@8495_London@.jpg
8207,londonn,695606.38,5712115.18,@0695606.38@5712115.18@30@U@051.52622@-000.18010@4EDepjplu76Tzo74ag2KxQ@@273@@@@201510@8207_London@.jpg
8495,londonn,695606.43,5712242.34,@0695606.43@5712242.34@30@U@051.52736@-000.18003@lQOnqFFMQXPo_DGYHJCj2w@@060@@@@201904@8495_London@.jpg
8207,londonn,695606.46,5712115.74,@0695606.46@5712115.74@30@U@051.52622@-000.18010@7gtLevFuQIA7IRIWI6c5vg@@277@@@@201407@8207_London@.jpg
8495,londonn,695606.57,5712242.65,@0695606.57@5712242.65@30@U@051.52736@-000.18003@yiv4ZSpQEJgNxuck4CyHkQ@@072@@@@201707@8495_London@.jpg
8495,londonn,695606.77,5712246.65,@0695606.77@5712246.65@30@U@051.52740@-000.18002@NwVnDGBBhl0nuvjfXGWP2g@@071@@@@201907@8495_London@.jpg
6050,londonn,695607.6,5710914.24,@0695607.60@5710914.24@30@U@051.51543@-000.18075@Uq79I7DANs_cC7pKdhkPxA@@136@@@@201707@6050_London@.jpg
8207,londonn,695607.88,5712113.3,@0695607.88@5712113.30@30@U@051.52620@-000.18008@AATi8S1Mjqa9K14C3ejSIg@@271@@@@201606@8207_London@.jpg
6050,londonn,695608.05,5710913.47,@0695608.05@5710913.47@30@U@051.51542@-000.18074@Tnx_LIkiEk4eAWcXvRRBQA@@127@@@@201811@6050_London@.jpg
6050,londonn,695608.15,5710913.6,@0695608.15@5710913.60@30@U@051.51542@-000.18074@XVCSw6yYX9Zpfdt4OMB8Qg@@124@@@@201801@6050_London@.jpg
8207,londonn,695608.52,5712115.8,@0695608.52@5712115.80@30@U@051.52622@-000.18007@1sbpCOGT2cA505i_5diyRw@@105@@@@200807@8207_London@.jpg
8207,londonn,695608.63,5712113.54,@0695608.63@5712113.54@30@U@051.52620@-000.18007@BG5gIBdMoOYa5FqMl_W3jw@@109@@@@201904@8207_London@.jpg
8207,londonn,695609.3,5712113.52,@0695609.30@5712113.52@30@U@051.52620@-000.18006@SipBlhE7QAc4hR-nhRF1ZQ@@279@@@@201204@8207_London@.jpg
8207,londonn,695609.44,5712112.88,@0695609.44@5712112.88@30@U@051.52619@-000.18006@8jpY9UuhOAa3Qu1s9oMLRw@@102@@@@201907@8207_London@.jpg
6050,londonn,695609.49,5710912.17,@0695609.49@5710912.17@30@U@051.51541@-000.18072@Wd-fJo5_0n_8AcPkz8nmsw@@122@@@@201205@6050_London@.jpg
8207,londonn,695609.96,5712113.02,@0695609.96@5712113.02@30@U@051.52620@-000.18005@68ewYZQCxPbXw-NtuU9FcA@@102@@@@201706@8207_London@.jpg
6050,londonn,695610.97,5710910.87,@0695610.97@5710910.87@30@U@051.51540@-000.18070@IkKxr7Kcm4EgMaWDYBNzEQ@@122@@@@201703@6050_London@.jpg
6050,londonn,695611.24,5710909.73,@0695611.24@5710909.73@30@U@051.51539@-000.18070@OSCXNwCmO9lGvUTHK2taZQ@@134@@@@201209@6050_London@.jpg
6050,londonn,695611.37,5710910.59,@0695611.37@5710910.59@30@U@051.51540@-000.18070@5N9bRckzYkTSqAuSTBpgvw@@108@@@@201505@6050_London@.jpg
6338,londonn,695616.91,5711086.84,@0695616.91@5711086.84@30@U@051.51698@-000.18052@zri50UBLR8IvHxL0brxsQw@@318@@@@201507@6338_London@.jpg
6338,londonn,695617.89,5711086.84,@0695617.89@5711086.84@30@U@051.51698@-000.18051@kAlISpGJCCSOwP8QwTDZjg@@331@@@@201405@6338_London@.jpg
6338,londonn,695617.95,5711087.88,@0695617.95@5711087.88@30@U@051.51699@-000.18051@TeU0NEEQ-hK1aX5EQiKGAQ@@332@@@@201801@6338_London@.jpg
6338,londonn,695618.2,5711089.15,@0695618.20@5711089.15@30@U@051.51700@-000.18050@gs1Ez0J8oCOyBmJMQP9hFw@@329@@@@201904@6338_London@.jpg
6338,londonn,695618.47,5711089.3,@0695618.47@5711089.30@30@U@051.51700@-000.18050@Zt3OSGlPGZs2CrhRzj7Frw@@324@@@@201510@6338_London@.jpg
8208,londonn,695618.61,5712100.83,@0695618.61@5712100.83@30@U@051.52608@-000.17993@zNOQ2WC1qM1sH1NCeh__tA@@002@@@@201506@8208_London@.jpg
6338,londonn,695618.67,5711088.76,@0695618.67@5711088.76@30@U@051.51699@-000.18049@mVvtEHjSwV87R0axtccdzw@@333@@@@201410@6338_London@.jpg
8208,londonn,695619.05,5712100.31,@0695619.05@5712100.31@30@U@051.52608@-000.17993@qzEekuCmccgqTMVOgZmnug@@004@@@@201510@8208_London@.jpg
5900,londonn,695619.21,5710851.74,@0695619.21@5710851.74@30@U@051.51487@-000.18062@DSS5mONa_lJ6IoXBhH7i5g@@132@@@@201510@5900_London@.jpg
6338,londonn,695619.32,5711090.16,@0695619.32@5711090.16@30@U@051.51701@-000.18048@ECw0QWrPTPZAVOSagM62lw@@313@@@@201209@6338_London@.jpg
6338,londonn,695619.37,5711089.38,@0695619.37@5711089.38@30@U@051.51700@-000.18048@7yzFC77A9ZB_0-uflOB5tQ@@324@@@@201703@6338_London@.jpg
6338,londonn,695619.6,5711091.49,@0695619.60@5711091.49@30@U@051.51702@-000.18048@_V55iRscH1SJiQjU-6XRQA@@314@@@@201204@6338_London@.jpg
8208,londonn,695619.72,5712100.16,@0695619.72@5712100.16@30@U@051.52608@-000.17992@1cvW0DuiYSuhGRNV2OA9_A@@171@@@@201204@8208_London@.jpg
8208,londonn,695619.89,5712099.56,@0695619.89@5712099.56@30@U@051.52607@-000.17992@BqBn2SkOTmhDcd2iLDaA4w@@354@@@@201407@8208_London@.jpg
8208,londonn,695619.93,5712100.79,@0695619.93@5712100.79@30@U@051.52608@-000.17991@44nTS8bwE3tnKU2zI0obKQ@@185@@@@201706@8208_London@.jpg
8208,londonn,695620.07,5712100.98,@0695620.07@5712100.98@30@U@051.52608@-000.17991@LYPe0hQGCCOuE0JxPTFmGQ@@175@@@@201801@8208_London@.jpg
6338,londonn,695620.12,5711089.93,@0695620.12@5711089.93@30@U@051.51700@-000.18047@19balqCvDpIFpPtxF_OXeA@@329@@@@201605@6338_London@.jpg
8208,londonn,695620.15,5712101.34,@0695620.15@5712101.34@30@U@051.52609@-000.17991@432LGR2J2lGyu3HZwM2WIA@@181@@@@200807@8208_London@.jpg
5900,londonn,695620.18,5710852.4,@0695620.18@5710852.40@30@U@051.51487@-000.18060@m4k2wmXSFd5V26V-PgX2Hg@@310@@@@201703@5900_London@.jpg
6338,londonn,695620.46,5711092.02,@0695620.46@5711092.02@30@U@051.51702@-000.18047@1jydSquY9qxvOWZD_tt2Yg@@331@@@@201505@6338_London@.jpg
6338,londonn,695621.07,5711090.78,@0695621.07@5711090.78@30@U@051.51701@-000.18046@y5gDPAvVoJrDakhBSbBzCw@@324@@@@200908@6338_London@.jpg
8493,londonn,695621.39,5712223.77,@0695621.39@5712223.77@30@U@051.52719@-000.17983@Ha83CoBJvO4rSgTjNtn1mw@@026@@@@200909@8493_London@.jpg
5900,londonn,695621.5,5710854.45,@0695621.50@5710854.45@30@U@051.51489@-000.18058@p2PHYbwyw4ja5FhVExPsRQ@@134@@@@201801@5900_London@.jpg
5900,londonn,695621.52,5710854.27,@0695621.52@5710854.27@30@U@051.51489@-000.18058@Z6tcxDydIGGcVjg_XUZg_Q@@137@@@@200806@5900_London@.jpg
5900,londonn,695621.53,5710853.72,@0695621.53@5710853.72@30@U@051.51488@-000.18058@2TY8i9H0RCRAiocrz19Unw@@304@@@@201209@5900_London@.jpg
5900,londonn,695621.54,5710853.89,@0695621.54@5710853.89@30@U@051.51488@-000.18058@JXVwZN9dKvg47URo3OUj0A@@128@@@@201410@5900_London@.jpg
5900,londonn,695621.7,5710855.0,@0695621.70@5710855.00@30@U@051.51489@-000.18058@V6HX9W2vIILxW8uV1OmMSw@@317@@@@202010@5900_London@.jpg
8208,londonn,695621.96,5712097.77,@0695621.96@5712097.77@30@U@051.52605@-000.17989@8jTN0twM1OAK33P44InHjg@@182@@@@201904@8208_London@.jpg
5900,londonn,695622.04,5710855.16,@0695622.04@5710855.16@30@U@051.51490@-000.18058@b_XzsRm2DE5aMK9dY58Plg@@136@@@@201408@5900_London@.jpg
8208,londonn,695622.05,5712097.73,@0695622.05@5712097.73@30@U@051.52605@-000.17989@aW8ogGzPHG1mrj-LgSoJAw@@173@@@@201907@8208_London@.jpg
5900,londonn,695622.1,5710855.09,@0695622.10@5710855.09@30@U@051.51489@-000.18057@0e3XmZnbY3-9IECnO5R0ZA@@133@@@@201205@5900_London@.jpg
5900,londonn,695622.23,5710854.56,@0695622.23@5710854.56@30@U@051.51489@-000.18057@tRKAjc2__Pwkh7Z-AnDVxA@@132@@@@200809@5900_London@.jpg
5900,londonn,695622.42,5710854.24,@0695622.42@5710854.24@30@U@051.51489@-000.18057@ulX_6ZmtlJkcjM7C94HGWA@@301@@@@201505@5900_London@.jpg
8493,londonn,695623.7,5712220.86,@0695623.70@5712220.86@30@U@051.52716@-000.17979@ZOHF3RX51Bm0K7-7jD-Ruw@@018@@@@201407@8493_London@.jpg
8493,londonn,695623.72,5712221.05,@0695623.72@5712221.05@30@U@051.52716@-000.17979@XOrfS3hJiss6MAW-OzZZIQ@@358@@@@201610@8493_London@.jpg
8493,londonn,695624.0,5712220.3,@0695624.00@5712220.30@30@U@051.52715@-000.17979@Lc677L7XNHGET4_z6LecSA@@011@@@@201510@8493_London@.jpg
8493,londonn,695624.33,5712220.25,@0695624.33@5712220.25@30@U@051.52715@-000.17979@Wvy-SVxD2yDj3onUXZBTjw@@001@@@@201506@8493_London@.jpg
8493,londonn,695624.41,5712221.42,@0695624.41@5712221.42@30@U@051.52716@-000.17978@P-Vk6XPSWw9AtbQFgy8OfQ@@357@@@@201706@8493_London@.jpg
8493,londonn,695624.47,5712220.58,@0695624.47@5712220.58@30@U@051.52716@-000.17978@eTOpsPkU5eCZ1m_lPuBqxw@@017@@@@201801@8493_London@.jpg
8208,londonn,695624.52,5712093.52,@0695624.52@5712093.52@30@U@051.52602@-000.17985@ftbRGfflV6eVdDpsjrkC3Q@@001@@@@201606@8208_London@.jpg
8493,londonn,695624.93,5712219.65,@0695624.93@5712219.65@30@U@051.52715@-000.17978@hrs3Mps1bV2QGCY_zjMQFg@@024@@@@201406@8493_London@.jpg
8493,londonn,695625.07,5712219.06,@0695625.07@5712219.06@30@U@051.52714@-000.17978@geHkiwLAkEFyj38q6FMfmQ@@024@@@@201904@8493_London@.jpg
8493,londonn,695625.26,5712223.85,@0695625.26@5712223.85@30@U@051.52719@-000.17977@iEBkuWJo2-hNcvViZVgr8Q@@007@@@@201907@8493_London@.jpg
8065,londonn,695628.47,5712020.54,@0695628.47@5712020.54@30@U@051.52536@-000.17984@ogFb85GgtgydnzamWnO7FQ@@101@@@@201510@8065_London@.jpg
5330,londonn,695628.72,5710532.58,@0695628.72@5710532.58@30@U@051.51200@-000.18066@fW2zMCyHpeGhZUlzc4sRqw@@055@@@@201505@5330_London@.jpg
8065,londonn,695628.74,5712020.59,@0695628.74@5712020.59@30@U@051.52536@-000.17983@0KN3pCw3cBcs2DbbZ3THrA@@113@@@@200807@8065_London@.jpg
5330,londonn,695629.09,5710537.28,@0695629.09@5710537.28@30@U@051.51204@-000.18065@5V7JrgIk4Hc9l91P-6KrTQ@@045@@@@200806@5330_London@.jpg
5330,londonn,695629.77,5710536.13,@0695629.77@5710536.13@30@U@051.51203@-000.18064@ctD2ZPieAaZH372nDrOZdg@@049@@@@201510@5330_London@.jpg
6193,londonn,695629.87,5711015.93,@0695629.87@5711015.93@30@U@051.51634@-000.18037@g4kutOURIaeF0GRo_j3RDQ@@165@@@@200806@6193_London@.jpg
6193,londonn,695630.02,5711015.65,@0695630.02@5711015.65@30@U@051.51633@-000.18037@PxLrxNRyuRqo49jRiKnb1A@@172@@@@201505@6193_London@.jpg
8065,londonn,695630.11,5712021.87,@0695630.11@5712021.87@30@U@051.52537@-000.17981@pQaJHGRndeUWeoMO1Cd5uw@@104@@@@201801@8065_London@.jpg
5330,londonn,695630.27,5710534.02,@0695630.27@5710534.02@30@U@051.51201@-000.18064@Hrurk4-22B9N3z9Puzajcg@@058@@@@201606@5330_London@.jpg
5330,londonn,695630.3,5710536.41,@0695630.30@5710536.41@30@U@051.51203@-000.18063@4T6VRem8BT72AknCvZqfYA@@234@@@@201408@5330_London@.jpg
5330,londonn,695630.45,5710536.72,@0695630.45@5710536.72@30@U@051.51203@-000.18063@xkFwg_r8EhQ66iN6-EjxFQ@@050@@@@201204@5330_London@.jpg
5330,londonn,695630.51,5710533.42,@0695630.51@5710533.42@30@U@051.51200@-000.18063@hCKtUe0qHkHKZLKOBu_u4A@@052@@@@201703@5330_London@.jpg
5330,londonn,695630.55,5710535.07,@0695630.55@5710535.07@30@U@051.51202@-000.18063@5q79zsZk7osJZ55LYDgvPQ@@048@@@@201907@5330_London@.jpg
6193,londonn,695630.64,5711016.01,@0695630.64@5711016.01@30@U@051.51634@-000.18036@RK5qk8ITVXAbVBCvYpvBwg@@170@@@@201510@6193_London@.jpg
5330,londonn,695630.75,5710535.46,@0695630.75@5710535.46@30@U@051.51202@-000.18063@GEHuVH45oN2vDAtvDLROVw@@237@@@@202010@5330_London@.jpg
5759,londonn,695630.89,5710772.25,@0695630.89@5710772.25@30@U@051.51415@-000.18049@tvWY-2ub3rjfIbyHxaD0xg@@214@@@@200908@5759_London@.jpg
8065,londonn,695631.01,5712024.83,@0695631.01@5712024.83@30@U@051.52540@-000.17980@Re3oJxZqeTS1xuyhUSGQgQ@@296@@@@201606@8065_London@.jpg
8065,londonn,695631.2,5712022.69,@0695631.20@5712022.69@30@U@051.52538@-000.17980@NBES7xCpuNYC4jtgJZbMyA@@102@@@@201507@8065_London@.jpg
6193,londonn,695631.21,5711020.43,@0695631.21@5711020.43@30@U@051.51638@-000.18035@4xgm3LiZArhuM0rxGKCu9Q@@359@@@@201605@6193_London@.jpg
8065,londonn,695631.46,5712022.32,@0695631.46@5712022.32@30@U@051.52537@-000.17979@xcjnwCrCD--3J2ZVZIJ9Tw@@100@@@@201506@8065_London@.jpg
8065,londonn,695631.79,5712022.84,@0695631.79@5712022.84@30@U@051.52538@-000.17979@ltcYiq7JNnzdlPUbu2Pvqw@@109@@@@201907@8065_London@.jpg
8065,londonn,695631.79,5712024.16,@0695631.79@5712024.16@30@U@051.52539@-000.17979@zYs6-lYPKBrEy_g2QTMK5Q@@117@@@@201204@8065_London@.jpg
5759,londonn,695631.99,5710775.2,@0695631.99@5710775.20@30@U@051.51417@-000.18048@8EqIZ4CLHLEd-hbC7IvkwQ@@032@@@@201205@5759_London@.jpg
5759,londonn,695632.02,5710774.05,@0695632.02@5710774.05@30@U@051.51416@-000.18048@emb3V6dN-l7PmUi9f9eGSQ@@036@@@@201505@5759_London@.jpg
5759,londonn,695632.16,5710774.44,@0695632.16@5710774.44@30@U@051.51417@-000.18047@P6TqQw3M-hNABQOhdHsixg@@032@@@@201606@5759_London@.jpg
8065,londonn,695632.25,5712022.77,@0695632.25@5712022.77@30@U@051.52538@-000.17978@S-dEn_NIMM66UsspTV7k4Q@@097@@@@201407@8065_London@.jpg
5759,londonn,695632.43,5710773.44,@0695632.43@5710773.44@30@U@051.51416@-000.18047@wILCJeV1s5uwktr782k-AA@@031@@@@201408@5759_London@.jpg
8065,londonn,695632.6,5712024.74,@0695632.60@5712024.74@30@U@051.52540@-000.17977@xLYqd3SVu7OE_BAm6_zFew@@099@@@@201706@8065_London@.jpg
8065,londonn,695632.62,5712023.51,@0695632.62@5712023.51@30@U@051.52538@-000.17977@uj5htjPiY9FvV-46SpdRvg@@104@@@@200909@8065_London@.jpg
6193,londonn,695632.68,5711013.99,@0695632.68@5711013.99@30@U@051.51632@-000.18033@dNCkKZSPouvM5CGH4M5Bcw@@178@@@@201904@6193_London@.jpg
5759,londonn,695632.87,5710769.36,@0695632.87@5710769.36@30@U@051.51412@-000.18047@2KwYveeJurSC1nxsOaT0CQ@@174@@@@201510@5759_London@.jpg
5759,londonn,695633.06,5710770.63,@0695633.06@5710770.63@30@U@051.51413@-000.18046@nvP50stvbYGusNS7M8AigQ@@173@@@@201703@5759_London@.jpg
5759,londonn,695633.16,5710774.82,@0695633.16@5710774.82@30@U@051.51417@-000.18046@XWA9Lomnxyod6CgAjGtG_Q@@213@@@@201209@5759_London@.jpg
8065,londonn,695633.2,5712024.74,@0695633.20@5712024.74@30@U@051.52540@-000.17977@c8p4AVHfxwNCWuIUY3U_qQ@@115@@@@201904@8065_London@.jpg
6193,londonn,695633.25,5711020.28,@0695633.25@5711020.28@30@U@051.51637@-000.18032@_DhmqhWbFPV34jufGqwUTg@@352@@@@201801@6193_London@.jpg
5759,londonn,695633.26,5710773.91,@0695633.26@5710773.91@30@U@051.51416@-000.18046@7aVtt9i1taCwvvkgb5De9w@@208@@@@201410@5759_London@.jpg
5759,londonn,695633.34,5710771.36,@0695633.34@5710771.36@30@U@051.51414@-000.18046@b5k7SG3DWeuhxr6gzn4mDw@@203@@@@202010@5759_London@.jpg
8065,londonn,695633.47,5712024.85,@0695633.47@5712024.85@30@U@051.52540@-000.17976@oy0yQCVwg_0tM1h8Cb7bfA@@104@@@@201209@8065_London@.jpg
5759,londonn,695633.82,5710772.99,@0695633.82@5710772.99@30@U@051.51415@-000.18045@f9E7FFn_H4__LPKbi1GG6w@@221@@@@201904@5759_London@.jpg
5759,londonn,695633.88,5710773.35,@0695633.88@5710773.35@30@U@051.51416@-000.18045@snK5aebYEAYePUuitEsOdw@@222@@@@200806@5759_London@.jpg
6193,londonn,695633.98,5711017.78,@0695633.98@5711017.78@30@U@051.51635@-000.18031@HNYXIn5yeAT8hVdUmsa3_Q@@349@@@@201907@6193_London@.jpg
6193,londonn,695634.99,5711020.25,@0695634.99@5711020.25@30@U@051.51637@-000.18030@KQfy4q0nu-D5EPSuKavGUg@@002@@@@201405@6193_London@.jpg
6625,londonn,695635.33,5711216.18,@0695635.33@5711216.18@30@U@051.51813@-000.18018@HQfnGebe2rbzOctxykf9Bw@@163@@@@200908@6625_London@.jpg
6625,londonn,695635.66,5711217.03,@0695635.66@5711217.03@30@U@051.51814@-000.18018@Hf6kBsoTt2TZ2llqofJjiQ@@158@@@@201505@6625_London@.jpg
6193,londonn,695635.81,5711020.23,@0695635.81@5711020.23@30@U@051.51637@-000.18029@cj00CcOprQJB94Tn0f_6kA@@354@@@@201703@6193_London@.jpg
6625,londonn,695636.03,5711217.46,@0695636.03@5711217.46@30@U@051.51814@-000.18017@-ma3k43CzDzYk2FF2Mv1GA@@168@@@@201408@6625_London@.jpg
6625,londonn,695636.32,5711217.22,@0695636.32@5711217.22@30@U@051.51814@-000.18017@5bf7OLRBhOdWTZA7VP4Xxw@@159@@@@201810@6625_London@.jpg
6193,londonn,695636.4,5711019.49,@0695636.40@5711019.49@30@U@051.51637@-000.18028@8gC_lT7MwwULp3Rzzu6JWQ@@350@@@@201707@6193_London@.jpg
6625,londonn,695636.72,5711217.51,@0695636.72@5711217.51@30@U@051.51814@-000.18016@jNd7tx4ARIMdzIuW5vZ31A@@169@@@@201703@6625_London@.jpg
6625,londonn,695638.06,5711214.7,@0695638.06@5711214.70@30@U@051.51812@-000.18015@g_7MHA3oWfX8sOeGnUahNw@@160@@@@201507@6625_London@.jpg
6625,londonn,695638.22,5711217.64,@0695638.22@5711217.64@30@U@051.51814@-000.18014@GTf5-5TRy9_Wmm88yFTMbQ@@173@@@@201405@6625_London@.jpg
6625,londonn,695638.54,5711215.39,@0695638.54@5711215.39@30@U@051.51812@-000.18014@ncfaqKJaSelnwafsNNC3fQ@@167@@@@201904@6625_London@.jpg
6625,londonn,695638.89,5711217.14,@0695638.89@5711217.14@30@U@051.51814@-000.18013@C4X9M5JEIShKZMqej6N5VA@@163@@@@201801@6625_London@.jpg
6625,londonn,695639.64,5711211.2,@0695639.64@5711211.20@30@U@051.51809@-000.18012@9t7KzLxIll7jRzsSoLxLcg@@334@@@@201606@6625_London@.jpg
6625,londonn,695640.71,5711217.49,@0695640.71@5711217.49@30@U@051.51814@-000.18011@XAx5Q8pLbevWDBaIG0MJdA@@155@@@@200808@6625_London@.jpg
6625,londonn,695640.79,5711218.27,@0695640.79@5711218.27@30@U@051.51815@-000.18010@-nWExutezPpfjKHwJlSCPg@@166@@@@201207@6625_London@.jpg
7636,londonn,695640.85,5711779.71,@0695640.85@5711779.71@30@U@051.52319@-000.17979@dcLAfFjOx-06ZxPehiBCIQ@@074@@@@201507@7636_London@.jpg
6625,londonn,695641.05,5711213.0,@0695641.05@5711213.00@30@U@051.51810@-000.18010@SV_BkzcQuY6_Z2po41T48Q@@327@@@@201704@6625_London@.jpg
7636,londonn,695641.25,5711780.34,@0695641.25@5711780.34@30@U@051.52320@-000.17979@Y6or_wQ78sJbsgs46EA2sA@@053@@@@201209@7636_London@.jpg
5182,londonn,695641.5,5710481.52,@0695641.50@5710481.52@30@U@051.51153@-000.18050@3uVaKFajO3GoL4w3SWUzSg@@046@@@@200806@5182_London@.jpg
7636,londonn,695642.14,5711784.54,@0695642.14@5711784.54@30@U@051.52323@-000.17977@P5gGyaapUJzd2k2uQ7qR6A@@244@@@@201510@7636_London@.jpg
7636,londonn,695642.25,5711781.68,@0695642.25@5711781.68@30@U@051.52321@-000.17977@AhSqlpIttOZdfrB6MzMaEA@@069@@@@201801@7636_London@.jpg
5182,londonn,695642.29,5710481.05,@0695642.29@5710481.05@30@U@051.51153@-000.18049@3aXbijdobrQucYWo4ucqUA@@047@@@@201803@5182_London@.jpg
8356,londonn,695642.45,5712197.43,@0695642.45@5712197.43@30@U@051.52694@-000.17954@87yF5dHIslTLakVUUcEIiQ@@201@@@@201609@8356_London@.jpg
5182,londonn,695642.66,5710482.63,@0695642.66@5710482.63@30@U@051.51154@-000.18049@qrapCD-xSY-u7DemAfiKRg@@080@@@@201408@5182_London@.jpg
5182,londonn,695643.02,5710481.27,@0695643.02@5710481.27@30@U@051.51153@-000.18048@5vZFsDuVNDIe38RLlU5nFQ@@060@@@@201904@5182_London@.jpg
7636,londonn,695643.19,5711781.9,@0695643.19@5711781.90@30@U@051.52321@-000.17976@6BC_9poUHnQ8taggfdoBjQ@@060@@@@201506@7636_London@.jpg
7636,londonn,695643.25,5711782.34,@0695643.25@5711782.34@30@U@051.52321@-000.17976@1sYZUR2zVoYvj_TBhE9jig@@065@@@@201606@7636_London@.jpg
6625,londonn,695643.4,5711216.18,@0695643.40@5711216.18@30@U@051.51813@-000.18007@B5dnCNF3O0_HJuB3-UQSHg@@334@@@@200806@6625_London@.jpg
5182,londonn,695643.55,5710483.42,@0695643.55@5710483.42@30@U@051.51155@-000.18047@oIPWjRhPdfnbusYzEINGYQ@@233@@@@201205@5182_London@.jpg
8356,londonn,695643.61,5712195.53,@0695643.61@5712195.53@30@U@051.52693@-000.17952@1moED2JTNXa4DVmW1Z-Pgg@@202@@@@201904@8356_London@.jpg
7636,londonn,695643.65,5711782.98,@0695643.65@5711782.98@30@U@051.52322@-000.17975@PiPIgt-Sdw8yUDPwLL6W3Q@@070@@@@201204@7636_London@.jpg
8356,londonn,695643.77,5712195.8,@0695643.77@5712195.80@30@U@051.52693@-000.17952@8Dayns6iPy3cV7ByGVQ54g@@193@@@@201505@8356_London@.jpg
5182,londonn,695643.95,5710483.95,@0695643.95@5710483.95@30@U@051.51155@-000.18047@EVW4UJFFLGX79CCrCjf3uA@@081@@@@202010@5182_London@.jpg
7636,londonn,695644.04,5711782.86,@0695644.04@5711782.86@30@U@051.52322@-000.17974@pTmjV5baACAahip2TFmW4g@@057@@@@201907@7636_London@.jpg
7636,londonn,695644.18,5711783.5,@0695644.18@5711783.50@30@U@051.52322@-000.17974@PFeBwgOYpBV0tXJ_9Drqrg@@073@@@@200909@7636_London@.jpg
5182,londonn,695644.31,5710481.01,@0695644.31@5710481.01@30@U@051.51153@-000.18046@5-ZakjiInZm5nisMszkL4A@@052@@@@201606@5182_London@.jpg
8356,londonn,695644.31,5712195.11,@0695644.31@5712195.11@30@U@051.52692@-000.17951@fpm9k1TBpAhnwVH-FC9-Eg@@198@@@@200909@8356_London@.jpg
5182,londonn,695644.4,5710481.02,@0695644.40@5710481.02@30@U@051.51153@-000.18046@ACgZ2u9zTwIgqlxPbjjKgg@@047@@@@201907@5182_London@.jpg
8356,londonn,695644.76,5712194.04,@0695644.76@5712194.04@30@U@051.52691@-000.17951@Y9JZdOiFqAwxceb8zOJL1A@@192@@@@201610@8356_London@.jpg
8356,londonn,695645.35,5712193.48,@0695645.35@5712193.48@30@U@051.52691@-000.17950@XUQwVDc6lp-jSOACuFDMrw@@183@@@@201510@8356_London@.jpg
8356,londonn,695645.5,5712193.8,@0695645.50@5712193.80@30@U@051.52691@-000.17949@l-j78z9NzGRcB12LzPZ95w@@186@@@@201407@8356_London@.jpg
